role,content,timestamp,sentiment
 hello,"I'm fine, thank you",2025-09-25 02:25:40
Learning from magical mistakes,"In real life, making mistakes is a part of learning and growing.",2025-09-25 10:38:44
e,"I can see you've shared an image! While I can't analyze the image content yet, I appreciate you sharing it with me. How can I help you today?",2025-09-25 11:06:03,image
Learning from magical mistakes,I'm not quite sure about that. Could you please rephrase your question or ask something else?,2025-09-25 13:02:50,text
What's the weather like,I'm not quite sure about that. Could you please rephrase your question or ask something else?,2025-09-25 13:06:32,text
Learning from magical mistakes,I'm still learning! Could you rephrase that or ask about something else?,2025-09-25 13:11:33,text
Learning from magical mistakes,"Hmm, I'm not certain about that topic. Is there something else I can help you with?",2025-09-25 13:11:57,text
dimensional_doorway,I'm still learning! Could you rephrase that or ask about something else?,2025-09-25 13:12:56,text
dimensional_doorway,That's not something I'm familiar with. What else would you like to know?,2025-09-25 13:13:39,text
Witnessing enchanted snowfall,I'm still learning! Could you rephrase that or ask about something else?,2025-09-25 13:14:13,text
Witnessing enchanted snowfall,Enchanted snow is a mythical phenomenon where snowflakes possess magical properties or create enchanting winter landscapes.,2025-09-25 13:33:40,text
Reading a time traveler's journal,A time traveler's journal is a fictional account documenting journeys through different historical periods and possibly into the future.,2025-09-25 13:34:11,text
